iteration	errD	errG	D_x	D_G_z1	D_G_z2
1	1.26414	3.8843	1.48219	-0.34987	0.60267
601	0.37067	2.94762	10.41003	8.89893	9.72923
1201	0.12672	3.86161	10.81561	9.61206	9.86986
